dataset_name,classifier_name,accuracy
ACSF1,FCN,0.896
Adiac,FCN,0.844501278772378
ArrowHead,FCN,0.84
BME,FCN,0.844
Beef,FCN,0.66
BeetleFly,FCN,0.9
BirdChicken,FCN,0.93
CBF,FCN,0.993777777777778
Car,FCN,0.906666666666667
Chinatown,FCN,0.979591836734694
ChlorineConcentration,FCN,0.804010416666667
CinCECGTorso,FCN,0.822898550724637
Coffee,FCN,1.0
Computers,FCN,0.8176
CricketX,FCN,0.791794871794872
CricketY,FCN,0.782051282051282
CricketZ,FCN,0.80051282051282
Crop,FCN,0.739535714285714
DiatomSizeReduction,FCN,0.358823529411765
DistalPhalanxOutlineAgeGroup,FCN,0.712230215827338
DistalPhalanxOutlineCorrect,FCN,0.760144927536232
DistalPhalanxTW,FCN,0.693525179856115
ECG200,FCN,0.88
ECG5000,FCN,0.940533333333333
ECGFiveDays,FCN,0.98815331010453
EOGHorizontalSignal,FCN,0.573480662983425
EOGVerticalSignal,FCN,0.45414364640884
Earthquakes,FCN,0.717985611510791
ElectricDevices,FCN,0.707456879782129
EthanolLevel,FCN,0.6796
FaceAll,FCN,0.93810650887574
FaceFour,FCN,0.927272727272727
FacesUCR,FCN,0.944292682926829
FiftyWords,FCN,0.651428571428571
Fish,FCN,0.961142857142857
FordA,FCN,0.916515151515151
FordB,FCN,0.779506172839506
FreezerRegularTrain,FCN,0.996561403508772
FreezerSmallTrain,FCN,0.697263157894737
GunPoint,FCN,0.997333333333333
GunPointAgeSpan,FCN,0.991772151898734
GunPointMaleVersusFemale,FCN,0.99620253164557
GunPointOldVersusYoung,FCN,0.987936507936508
Ham,FCN,0.714285714285714
HandOutlines,FCN,0.811351351351351
Haptics,FCN,0.474025974025974
Herring,FCN,0.65
HouseTwenty,FCN,0.981512605042017
InlineSkate,FCN,0.323272727272727
InsectEPGRegularTrain,FCN,0.998393574297189
InsectEPGSmallTrain,FCN,0.29718875502008
InsectWingbeatSound,FCN,0.392525252525252
ItalyPowerDemand,FCN,0.96268221574344
LargeKitchenAppliances,FCN,0.899733333333333
Lightning2,FCN,0.734426229508197
Lightning7,FCN,0.827397260273973
Mallat,FCN,0.970319829424307
Meat,FCN,0.783333333333333
MedicalImages,FCN,0.782631578947368
MiddlePhalanxOutlineAgeGroup,FCN,0.535064935064935
MiddlePhalanxOutlineCorrect,FCN,0.791752577319588
MiddlePhalanxTW,FCN,0.5
MixedShapesRegularTrain,FCN,0.957938144329897
MixedShapesSmallTrain,FCN,0.894268041237113
MoteStrain,FCN,0.934345047923323
NonInvasiveFetalECGThorax1,FCN,0.953791348600509
NonInvasiveFetalECGThorax2,FCN,0.952773536895674
OSULeaf,FCN,0.967768595041322
OliveOil,FCN,0.506666666666667
PhalangesOutlinesCorrect,FCN,0.821678321678322
Phoneme,FCN,0.32542194092827
PigAirwayPressure,FCN,0.192307692307692
PigArtPressure,FCN,0.9875
PigCVP,FCN,0.803846153846154
Plane,FCN,1.0
PowerCons,FCN,0.872222222222222
ProximalPhalanxOutlineAgeGroup,FCN,0.830243902439024
ProximalPhalanxOutlineCorrect,FCN,0.898969072164948
ProximalPhalanxTW,FCN,0.769756097560976
RefrigerationDevices,FCN,0.5104
Rock,FCN,0.632
ScreenType,FCN,0.620266666666667
SemgHandGenderCh2,FCN,0.831333333333333
SemgHandMovementCh2,FCN,0.478222222222222
SemgHandSubjectCh2,FCN,0.741777777777778
ShapeletSim,FCN,0.747777777777778
ShapesAll,FCN,0.892333333333333
SmallKitchenAppliances,FCN,0.776
SmoothSubspace,FCN,0.969333333333333
SonyAIBORobotSurface1,FCN,0.965058236272879
SonyAIBORobotSurface2,FCN,0.977334732423924
StarLightCurves,FCN,0.966270033997086
Strawberry,FCN,0.96972972972973
SwedishLeaf,FCN,0.96704
Symbols,FCN,0.964422110552764
SyntheticControl,FCN,0.987333333333333
ToeSegmentation1,FCN,0.959649122807017
ToeSegmentation2,FCN,0.887692307692308
Trace,FCN,1.0
TwoLeadECG,FCN,0.99964881474978
TwoPatterns,FCN,0.86945
UMD,FCN,0.986111111111111
UWaveGestureLibraryAll,FCN,0.814461194863205
UWaveGestureLibraryX,FCN,0.750753768844221
UWaveGestureLibraryY,FCN,0.643439419318816
UWaveGestureLibraryZ,FCN,0.726465661641541
Wafer,FCN,0.997242050616483
Wine,FCN,0.625925925925926
WordSynonyms,FCN,0.564263322884013
Worms,FCN,0.776623376623377
WormsTwoClass,FCN,0.732467532467533
Yoga,FCN,0.8424
ACSF1,DefFCN,0.9060000061988831
Adiac,DefFCN,0.8332480788230896
ArrowHead,DefFCN,0.8388571381568909
BME,DefFCN,0.7933333277702331
Beef,DefFCN,0.799999988079071
BeetleFly,DefFCN,0.8300000071525574
BirdChicken,DefFCN,0.9099999785423278
CBF,DefFCN,0.9940000057220459
Car,DefFCN,0.9133333325386047
Chinatown,DefFCN,0.9830903768539428
ChlorineConcentration,DefFCN,0.7929166674613952
CinCECGTorso,DefFCN,0.8284057974815369
Coffee,DefFCN,1.0
Computers,DefFCN,0.8064000010490417
CricketX,DefFCN,0.7830769181251526
CricketY,DefFCN,0.7933333277702331
CricketZ,DefFCN,0.8076923012733459
Crop,DefFCN,0.7543622510773795
DiatomSizeReduction,DefFCN,0.9333333134651184
DistalPhalanxOutlineAgeGroup,DefFCN,0.7453237414360047
DistalPhalanxOutlineCorrect,DefFCN,0.7666666626930236
DistalPhalanxTW,DefFCN,0.69928058385849
ECG200,DefFCN,0.8560000061988831
ECG5000,DefFCN,0.939466655254364
ECGFiveDays,DefFCN,0.9902439117431641
EOGHorizontalSignal,DefFCN,0.620441997051239
EOGVerticalSignal,DefFCN,0.42486187219619753
Earthquakes,DefFCN,0.7338129639625549
ElectricDevices,DefFCN,0.6955258846282959
EthanolLevel,DefFCN,0.675600004196167
FaceAll,DefFCN,0.9355029702186585
FaceFour,DefFCN,0.9340909123420715
FacesUCR,DefFCN,0.9449756026268006
FiftyWords,DefFCN,0.6720879316329956
Fish,DefFCN,0.9725714325904846
FordA,DefFCN,0.9122727513313293
FordB,DefFCN,0.7713580131530762
FreezerRegularTrain,DefFCN,0.9953684210777283
FreezerSmallTrain,DefFCN,0.7901754379272461
GunPoint,DefFCN,0.9880000114440918
GunPointAgeSpan,DefFCN,0.9936709046363831
GunPointMaleVersusFemale,DefFCN,0.9879746913909913
GunPointOldVersusYoung,DefFCN,1.0
Ham,DefFCN,0.7028571605682373
HandOutlines,DefFCN,0.8762162208557129
Haptics,DefFCN,0.49675323963165285
Herring,DefFCN,0.6
HouseTwenty,DefFCN,0.9596638679504395
InlineSkate,DefFCN,0.42909090518951415
InsectEPGRegularTrain,DefFCN,1.0
InsectEPGSmallTrain,DefFCN,0.8650602340698242
InsectWingbeatSound,DefFCN,0.40808081030845644
ItalyPowerDemand,DefFCN,0.9638484001159668
LargeKitchenAppliances,DefFCN,0.8911999940872193
Lightning2,DefFCN,0.7540983438491822
Lightning7,DefFCN,0.7589040994644165
Mallat,DefFCN,0.9678464889526367
Meat,DefFCN,0.9466666579246521
MedicalImages,DefFCN,0.7607894778251648
MiddlePhalanxOutlineAgeGroup,DefFCN,0.5454545497894288
MiddlePhalanxOutlineCorrect,DefFCN,0.7793814539909363
MiddlePhalanxTW,DefFCN,0.5025974035263061
MixedShapesRegularTrain,DefFCN,0.9683298945426941
MixedShapesSmallTrain,DefFCN,0.8983092784881592
MoteStrain,DefFCN,0.9273162841796875
NonInvasiveFetalECGThorax1,DefFCN,0.9523664116859436
NonInvasiveFetalECGThorax2,DefFCN,0.9461577534675598
OSULeaf,DefFCN,0.9842975258827209
OliveOil,DefFCN,0.8199999928474426
PhalangesOutlinesCorrect,DefFCN,0.8055944085121155
Phoneme,DefFCN,0.3402953565120697
PigAirwayPressure,DefFCN,0.7134615302085876
PigArtPressure,DefFCN,0.9894230723381042
PigCVP,DefFCN,0.81
Plane,DefFCN,1.0
PowerCons,DefFCN,0.9111111164093018
ProximalPhalanxOutlineAgeGroup,DefFCN,0.8468292713165283
ProximalPhalanxOutlineCorrect,DefFCN,0.9058419227600097
ProximalPhalanxTW,DefFCN,0.766829252243042
RefrigerationDevices,DefFCN,0.48640000224113467
Rock,DefFCN,0.6560000061988831
ScreenType,DefFCN,0.5952000021934509
SemgHandGenderCh2,DefFCN,0.8203333377838135
SemgHandMovementCh2,DefFCN,0.5164444446563721
SemgHandSubjectCh2,DefFCN,0.7368888854980469
ShapeletSim,DefFCN,1.0
ShapesAll,DefFCN,0.8993333101272583
SmallKitchenAppliances,DefFCN,0.7765333414077759
SmoothSubspace,DefFCN,0.9933333396911621
SonyAIBORobotSurface1,DefFCN,0.9733776807785034
SonyAIBORobotSurface2,DefFCN,0.977334725856781
StarLightCurves,DefFCN,0.9607576608657837
Strawberry,DefFCN,0.9778378486633301
SwedishLeaf,DefFCN,0.9667199969291687
Symbols,DefFCN,0.9650251269340515
SyntheticControl,DefFCN,0.996666669845581
ToeSegmentation1,DefFCN,0.9701754450798035
ToeSegmentation2,DefFCN,0.8953846096992493
Trace,DefFCN,1.0
TwoLeadECG,DefFCN,0.9994732141494751
TwoPatterns,DefFCN,0.9134999990463257
UMD,DefFCN,0.9930555820465088
UWaveGestureLibraryAll,DefFCN,0.826856505870819
UWaveGestureLibraryX,DefFCN,0.762869906425476
UWaveGestureLibraryY,DefFCN,0.6419318795204163
UWaveGestureLibraryZ,DefFCN,0.7433835864067078
Wafer,DefFCN,0.9977936387062073
Wine,DefFCN,0.7370370388031006
WordSynonyms,DefFCN,0.5689655303955078
Worms,DefFCN,0.7714285492897034
WormsTwoClass,DefFCN,0.7480519533157348
Yoga,DefFCN,0.8170000076293945
ACSF1,Inception,0.88
Adiac,Inception,0.7468030690537084
ArrowHead,Inception,0.7657142857142857
BME,Inception,0.9733333333333334
Beef,Inception,0.7
BeetleFly,Inception,0.9
BirdChicken,Inception,0.75
CBF,Inception,0.9944444444444444
Car,Inception,0.7666666666666667
Chinatown,Inception,0.97667638483965
ChlorineConcentration,Inception,0.76484375
CinCECGTorso,Inception,0.6804347826086956
Coffee,Inception,1.0
Computers,Inception,0.72
CricketX,Inception,0.7743589743589744
CricketY,Inception,0.7923076923076923
CricketZ,Inception,0.8051282051282052
Crop,Inception,0.7609523809523809
DiatomSizeReduction,Inception,0.8790849673202614
DistalPhalanxOutlineAgeGroup,Inception,0.7050359712230215
DistalPhalanxOutlineCorrect,Inception,0.7644927536231884
DistalPhalanxTW,Inception,0.6474820143884892
ECG200,Inception,0.88
ECG5000,Inception,0.9308888888888888
ECGFiveDays,Inception,1.0
EOGHorizontalSignal,Inception,0.5165745856353591
EOGVerticalSignal,Inception,0.4668508287292817
Earthquakes,Inception,0.7050359712230215
ElectricDevices,Inception,0.7014654389832706
EthanolLevel,Inception,0.71
FaceAll,Inception,0.7627218934911243
FaceFour,Inception,0.75
FacesUCR,Inception,0.8839024390243903
FiftyWords,Inception,0.7736263736263737
Fish,Inception,0.9142857142857144
FordA,Inception,0.953030303030303
FordB,Inception,0.8320987654320988
FreezerRegularTrain,Inception,0.9964912280701754
FreezerSmallTrain,Inception,0.7768421052631579
GunPoint,Inception,0.98
GunPointAgeSpan,Inception,0.9778481012658228
GunPointMaleVersusFemale,Inception,0.9841772151898734
GunPointOldVersusYoung,Inception,0.9523809523809524
Ham,Inception,0.7904761904761904
HandOutlines,Inception,0.927027027027027
Haptics,Inception,0.4577922077922078
Herring,Inception,0.640625
HouseTwenty,Inception,0.8991596638655462
InlineSkate,Inception,0.289090909090909
InsectEPGRegularTrain,Inception,0.9919678714859438
InsectEPGSmallTrain,Inception,0.9558232931726908
InsectWingbeatSound,Inception,0.6136363636363636
ItalyPowerDemand,Inception,0.9601554907677357
LargeKitchenAppliances,Inception,0.888
Lightning2,Inception,0.819672131147541
Lightning7,Inception,0.7534246575342466
Mallat,Inception,0.873773987206823
Meat,Inception,0.9166666666666666
MedicalImages,Inception,0.7657894736842106
MiddlePhalanxOutlineAgeGroup,Inception,0.4935064935064935
MiddlePhalanxOutlineCorrect,Inception,0.8213058419243986
MiddlePhalanxTW,Inception,0.4935064935064935
MixedShapesRegularTrain,Inception,0.9323711340206186
MixedShapesSmallTrain,Inception,0.8556701030927835
MoteStrain,Inception,0.8913738019169329
NonInvasiveFetalECGThorax1,Inception,0.916030534351145
NonInvasiveFetalECGThorax2,Inception,0.9155216284987278
OSULeaf,Inception,0.8181818181818182
OliveOil,Inception,0.7333333333333333
PhalangesOutlinesCorrect,Inception,0.8286713286713286
Phoneme,Inception,0.2953586497890295
PigAirwayPressure,Inception,0.2163461538461538
PigArtPressure,Inception,0.9615384615384616
PigCVP,Inception,0.7548076923076923
Plane,Inception,0.9904761904761904
PowerCons,Inception,0.9277777777777778
ProximalPhalanxOutlineAgeGroup,Inception,0.8146341463414634
ProximalPhalanxOutlineCorrect,Inception,0.8831615120274914
ProximalPhalanxTW,Inception,0.7804878048780488
RefrigerationDevices,Inception,0.4453333333333333
Rock,Inception,0.56
ScreenType,Inception,0.56
SemgHandGenderCh2,Inception,0.8266666666666667
SemgHandMovementCh2,Inception,0.5155555555555555
SemgHandSubjectCh2,Inception,0.8466666666666667
ShapeletSim,Inception,0.9944444444444444
ShapesAll,Inception,0.8716666666666667
SmallKitchenAppliances,Inception,0.7653333333333333
SmoothSubspace,Inception,0.9733333333333334
SonyAIBORobotSurface1,Inception,0.9201331114808652
SonyAIBORobotSurface2,Inception,0.919202518363064
StarLightCurves,Inception,0.9647887323943662
Strawberry,Inception,0.9702702702702702
SwedishLeaf,Inception,0.944
Symbols,Inception,0.943718592964824
SyntheticControl,Inception,0.99
ToeSegmentation1,Inception,0.9429824561403508
ToeSegmentation2,Inception,0.9307692307692308
Trace,Inception,1.0
TwoLeadECG,Inception,0.9868305531167691
TwoPatterns,Inception,0.99975
UMD,Inception,0.9791666666666666
UWaveGestureLibraryAll,Inception,0.8914014517029593
UWaveGestureLibraryX,Inception,0.7841987716359575
UWaveGestureLibraryY,Inception,0.7236180904522613
UWaveGestureLibraryZ,Inception,0.7353433835845896
Wafer,Inception,0.995619727449708
Wine,Inception,0.6481481481481481
WordSynonyms,Inception,0.6442006269592476
Worms,Inception,0.7792207792207793
WormsTwoClass,Inception,0.7532467532467533
Yoga,Inception,0.8143333333333334
ACSF1,InceptionTime,0.91
Adiac,InceptionTime,0.782608695652174
ArrowHead,InceptionTime,0.8228571428571428
BME,InceptionTime,0.9866666666666668
Beef,InceptionTime,0.8
BeetleFly,InceptionTime,0.9
BirdChicken,InceptionTime,0.75
CBF,InceptionTime,0.9955555555555556
Car,InceptionTime,0.8
Chinatown,InceptionTime,0.97667638483965
ChlorineConcentration,InceptionTime,0.8005208333333333
CinCECGTorso,InceptionTime,0.7115942028985507
Coffee,InceptionTime,1.0
Computers,InceptionTime,0.752
CricketX,InceptionTime,0.8
CricketY,InceptionTime,0.8102564102564103
CricketZ,InceptionTime,0.8205128205128205
Crop,InceptionTime,0.7652380952380953
DiatomSizeReduction,InceptionTime,0.9052287581699346
DistalPhalanxOutlineAgeGroup,InceptionTime,0.7266187050359713
DistalPhalanxOutlineCorrect,InceptionTime,0.822463768115942
DistalPhalanxTW,InceptionTime,0.7050359712230215
ECG200,InceptionTime,0.9
ECG5000,InceptionTime,0.9355555555555556
ECGFiveDays,InceptionTime,1.0
EOGHorizontalSignal,InceptionTime,0.5524861878453039
EOGVerticalSignal,InceptionTime,0.4917127071823204
Earthquakes,InceptionTime,0.7913669064748201
ElectricDevices,InceptionTime,0.716768253144858
EthanolLevel,InceptionTime,0.774
FaceAll,InceptionTime,0.7775147928994083
FaceFour,InceptionTime,0.8068181818181818
FacesUCR,InceptionTime,0.895609756097561
FiftyWords,InceptionTime,0.7978021978021979
Fish,InceptionTime,0.9314285714285714
FordA,InceptionTime,0.956060606060606
FordB,InceptionTime,0.8432098765432099
FreezerRegularTrain,InceptionTime,0.9971929824561404
FreezerSmallTrain,InceptionTime,0.983859649122807
GunPoint,InceptionTime,0.9866666666666668
GunPointAgeSpan,InceptionTime,0.9841772151898734
GunPointMaleVersusFemale,InceptionTime,0.9936708860759492
GunPointOldVersusYoung,InceptionTime,0.961904761904762
Ham,InceptionTime,0.8285714285714286
HandOutlines,InceptionTime,0.945945945945946
Haptics,InceptionTime,0.4967532467532468
Herring,InceptionTime,0.703125
HouseTwenty,InceptionTime,0.9159663865546218
InlineSkate,InceptionTime,0.3345454545454545
InsectEPGRegularTrain,InceptionTime,1.0
InsectEPGSmallTrain,InceptionTime,0.963855421686747
InsectWingbeatSound,InceptionTime,0.6292929292929293
ItalyPowerDemand,InceptionTime,0.9650145772594751
LargeKitchenAppliances,InceptionTime,0.8986666666666666
Lightning2,InceptionTime,0.8360655737704918
Lightning7,InceptionTime,0.8082191780821918
Mallat,InceptionTime,0.9257995735607676
Meat,InceptionTime,0.95
MedicalImages,InceptionTime,0.7855263157894737
MiddlePhalanxOutlineAgeGroup,InceptionTime,0.5324675324675324
MiddlePhalanxOutlineCorrect,InceptionTime,0.8591065292096219
MiddlePhalanxTW,InceptionTime,0.525974025974026
MixedShapesRegularTrain,InceptionTime,0.9468041237113402
MixedShapesSmallTrain,InceptionTime,0.862680412371134
MoteStrain,InceptionTime,0.9057507987220448
NonInvasiveFetalECGThorax1,InceptionTime,0.924173027989822
NonInvasiveFetalECGThorax2,InceptionTime,0.9287531806615776
OSULeaf,InceptionTime,0.8305785123966942
OliveOil,InceptionTime,0.7666666666666667
PhalangesOutlinesCorrect,InceptionTime,0.8473193473193473
Phoneme,InceptionTime,0.3080168776371308
PigAirwayPressure,InceptionTime,0.2932692307692308
PigArtPressure,InceptionTime,0.9759615384615384
PigCVP,InceptionTime,0.7884615384615384
Plane,InceptionTime,1.0
PowerCons,InceptionTime,0.9333333333333332
ProximalPhalanxOutlineAgeGroup,InceptionTime,0.8634146341463415
ProximalPhalanxOutlineCorrect,InceptionTime,0.8900343642611683
ProximalPhalanxTW,InceptionTime,0.8048780487804879
RefrigerationDevices,InceptionTime,0.4773333333333333
Rock,InceptionTime,0.6
ScreenType,InceptionTime,0.5786666666666667
SemgHandGenderCh2,InceptionTime,0.8833333333333333
SemgHandMovementCh2,InceptionTime,0.5777777777777777
SemgHandSubjectCh2,InceptionTime,0.8711111111111111
ShapeletSim,InceptionTime,1.0
ShapesAll,InceptionTime,0.8883333333333333
SmallKitchenAppliances,InceptionTime,0.8106666666666666
SmoothSubspace,InceptionTime,0.98
SonyAIBORobotSurface1,InceptionTime,0.9500831946755408
SonyAIBORobotSurface2,InceptionTime,0.9286463798530956
StarLightCurves,InceptionTime,0.9683098591549296
Strawberry,InceptionTime,0.9783783783783784
SwedishLeaf,InceptionTime,0.9584
Symbols,InceptionTime,0.9507537688442212
SyntheticControl,InceptionTime,0.9933333333333332
ToeSegmentation1,InceptionTime,0.956140350877193
ToeSegmentation2,InceptionTime,0.946153846153846
Trace,InceptionTime,1.0
TwoLeadECG,InceptionTime,0.990342405618964
TwoPatterns,InceptionTime,1.0
UMD,InceptionTime,0.9930555555555556
UWaveGestureLibraryAll,InceptionTime,0.8997766610831938
UWaveGestureLibraryX,InceptionTime,0.7892238972640983
UWaveGestureLibraryY,InceptionTime,0.7345058626465661
UWaveGestureLibraryZ,InceptionTime,0.7459519821328866
Wafer,InceptionTime,0.9964308890330954
Wine,InceptionTime,0.7407407407407407
WordSynonyms,InceptionTime,0.6677115987460815
Worms,InceptionTime,0.8051948051948052
WormsTwoClass,InceptionTime,0.8441558441558441
Yoga,InceptionTime,0.8513333333333334
ACSF1,ResNet,0.8199999928474426
Adiac,ResNet,0.8081841468811035
ArrowHead,ResNet,0.8114285469055176
BME,ResNet,1.0
Beef,ResNet,0.699999988079071
BeetleFly,ResNet,0.800000011920929
BirdChicken,ResNet,0.8999999761581421
CBF,ResNet,0.996666669845581
Car,ResNet,0.8833333253860474
Chinatown,ResNet,0.9766764044761658
ChlorineConcentration,ResNet,0.8231770992279053
CinCECGTorso,ResNet,0.79347825050354
Coffee,ResNet,1.0
Computers,ResNet,0.7879999876022339
CricketX,ResNet,0.7512820363044739
CricketY,ResNet,0.7871794700622559
CricketZ,ResNet,0.764102578163147
Crop,ResNet,0.7538690567016602
DiatomSizeReduction,ResNet,0.3006536066532135
DistalPhalanxOutlineAgeGroup,ResNet,0.6762589812278748
DistalPhalanxOutlineCorrect,ResNet,0.7572463750839233
DistalPhalanxTW,ResNet,0.633093535900116
ECG200,ResNet,0.8799999952316284
ECG5000,ResNet,0.9300000071525574
ECGFiveDays,ResNet,0.9825783967971802
EOGHorizontalSignal,ResNet,0.4944751262664795
EOGVerticalSignal,ResNet,0.4116021990776062
Earthquakes,ResNet,0.6906474828720093
ElectricDevices,ResNet,0.7185838222503662
EthanolLevel,ResNet,0.4120000004768371
FaceAll,ResNet,0.7769230604171753
FaceFour,ResNet,0.931818187236786
FacesUCR,ResNet,0.9443902373313904
FiftyWords,ResNet,0.6989011168479919
Fish,ResNet,0.9714285731315612
FordA,ResNet,0.9295454621315002
FordB,ResNet,0.8061728477478027
FreezerRegularTrain,ResNet,0.9978947639465332
FreezerSmallTrain,ResNet,0.8919298052787781
GunPoint,ResNet,0.9800000190734864
GunPointAgeSpan,ResNet,0.5284810066223145
GunPointMaleVersusFemale,ResNet,0.5284810066223145
GunPointOldVersusYoung,ResNet,1.0
Ham,ResNet,0.6761904954910278
HandOutlines,ResNet,0.8999999761581421
Haptics,ResNet,0.4740259647369385
Herring,ResNet,0.515625
HouseTwenty,ResNet,0.9327731132507324
InlineSkate,ResNet,0.4036363661289215
InsectEPGRegularTrain,ResNet,1.0
InsectEPGSmallTrain,ResNet,0.0
InsectWingbeatSound,ResNet,0.4984848499298095
ItalyPowerDemand,ResNet,0.9620991349220276
LargeKitchenAppliances,ResNet,0.8826666474342346
Lightning2,ResNet,0.7377049326896667
Lightning7,ResNet,0.8219178318977356
Mallat,ResNet,0.9535181522369384
Meat,ResNet,0.949999988079071
MedicalImages,ResNet,0.7592105269432068
MiddlePhalanxOutlineAgeGroup,ResNet,0.5129870176315308
MiddlePhalanxOutlineCorrect,ResNet,0.7938144207000732
MiddlePhalanxTW,ResNet,0.4545454680919647
MixedShapesRegularTrain,ResNet,0.9632989764213562
MixedShapesSmallTrain,ResNet,0.8948453664779663
MoteStrain,ResNet,0.884984016418457
NonInvasiveFetalECGThorax1,ResNet,0.9353689551353456
NonInvasiveFetalECGThorax2,ResNet,0.9394401907920836
OSULeaf,ResNet,0.971074402332306
OliveOil,ResNet,0.8666666746139526
PhalangesOutlinesCorrect,ResNet,0.8181818127632141
Phoneme,ResNet,0.3111814260482788
PigAirwayPressure,ResNet,0.1490384638309478
PigArtPressure,ResNet,0.5192307829856873
PigCVP,ResNet,0.1201923042535781
Plane,ResNet,1.0
PowerCons,ResNet,0.8833333253860474
ProximalPhalanxOutlineAgeGroup,ResNet,0.8243902325630188
ProximalPhalanxOutlineCorrect,ResNet,0.900343656539917
ProximalPhalanxTW,ResNet,0.7658536434173584
RefrigerationDevices,ResNet,0.4906666576862335
Rock,ResNet,0.4000000059604645
ScreenType,ResNet,0.6159999966621399
SemgHandGenderCh2,ResNet,0.7400000095367432
SemgHandMovementCh2,ResNet,0.3799999952316284
SemgHandSubjectCh2,ResNet,0.4377777874469757
ShapeletSim,ResNet,0.9833333492279052
ShapesAll,ResNet,0.9049999713897704
SmallKitchenAppliances,ResNet,0.7599999904632568
SmoothSubspace,ResNet,0.9733333587646484
SonyAIBORobotSurface1,ResNet,0.9500831961631776
SonyAIBORobotSurface2,ResNet,0.961175262928009
StarLightCurves,ResNet,0.9731665849685668
Strawberry,ResNet,0.9783783555030824
SwedishLeaf,ResNet,0.9535999894142152
Symbols,ResNet,0.8804020285606384
SyntheticControl,ResNet,0.9900000095367432
ToeSegmentation1,ResNet,0.9429824352264404
ToeSegmentation2,ResNet,0.8692307472229004
Trace,ResNet,1.0
TwoLeadECG,ResNet,0.998244047164917
TwoPatterns,ResNet,1.0
UMD,ResNet,0.9930555820465088
UWaveGestureLibraryAll,ResNet,0.8464545011520386
UWaveGestureLibraryX,ResNet,0.7772194147109985
UWaveGestureLibraryY,ResNet,0.6630374193191528
UWaveGestureLibraryZ,ResNet,0.7585148215293884
Wafer,ResNet,0.9969176054000854
Wine,ResNet,0.5
WordSynonyms,ResNet,0.6144200563430786
Worms,ResNet,0.7532467246055603
WormsTwoClass,ResNet,0.7272727489471436
Yoga,ResNet,0.8429999947547913
ACSF1,MultiROCKET,0.92
Adiac,MultiROCKET,0.833759590792839
ArrowHead,MultiROCKET,0.868571428571428
BME,MultiROCKET,1.0
Beef,MultiROCKET,0.766666666666667
BeetleFly,MultiROCKET,0.85
BirdChicken,MultiROCKET,0.9
CBF,MultiROCKET,0.996666666666667
Car,MultiROCKET,0.916666666666667
Chinatown,MultiROCKET,0.979591836734694
ChlorineConcentration,MultiROCKET,0.784114583333333
CinCECGTorso,MultiROCKET,0.951449275362319
Coffee,MultiROCKET,1.0
Computers,MultiROCKET,0.784
CricketX,MultiROCKET,0.807692307692308
CricketY,MultiROCKET,0.843589743589744
CricketZ,MultiROCKET,0.835897435897436
Crop,MultiROCKET,0.774761904761905
DiatomSizeReduction,MultiROCKET,0.96078431372549
DistalPhalanxOutlineAgeGroup,MultiROCKET,0.76978417266187
DistalPhalanxOutlineCorrect,MultiROCKET,0.800724637681159
DistalPhalanxTW,MultiROCKET,0.690647482014388
ECG200,MultiROCKET,0.92
ECG5000,MultiROCKET,0.946444444444444
ECGFiveDays,MultiROCKET,1.0
EOGHorizontalSignal,MultiROCKET,0.657458563535912
EOGVerticalSignal,MultiROCKET,0.535911602209945
Earthquakes,MultiROCKET,0.748201438848921
ElectricDevices,MultiROCKET,0.735442873816626
EthanolLevel,MultiROCKET,0.638
FaceAll,MultiROCKET,0.799408284023669
FaceFour,MultiROCKET,0.931818181818182
FacesUCR,MultiROCKET,0.961463414634146
FiftyWords,MultiROCKET,0.859340659340659
Fish,MultiROCKET,0.988571428571428
FordA,MultiROCKET,0.957575757575757
FordB,MultiROCKET,0.838271604938272
FreezerRegularTrain,MultiROCKET,0.999649122807018
FreezerSmallTrain,MultiROCKET,0.995438596491228
GunPoint,MultiROCKET,1.0
GunPointAgeSpan,MultiROCKET,1.0
GunPointMaleVersusFemale,MultiROCKET,1.0
GunPointOldVersusYoung,MultiROCKET,1.0
Ham,MultiROCKET,0.723809523809524
HandOutlines,MultiROCKET,0.951351351351351
Haptics,MultiROCKET,0.542207792207792
Herring,MultiROCKET,0.6875
HouseTwenty,MultiROCKET,0.991596638655462
InlineSkate,MultiROCKET,0.470909090909091
InsectEPGRegularTrain,MultiROCKET,1.0
InsectEPGSmallTrain,MultiROCKET,1.0
InsectWingbeatSound,MultiROCKET,0.672727272727273
ItalyPowerDemand,MultiROCKET,0.967930029154519
LargeKitchenAppliances,MultiROCKET,0.882666666666667
Lightning2,MultiROCKET,0.672131147540984
Lightning7,MultiROCKET,0.849315068493151
Mallat,MultiROCKET,0.927078891257996
Meat,MultiROCKET,0.916666666666667
MedicalImages,MultiROCKET,0.807894736842105
MiddlePhalanxOutlineAgeGroup,MultiROCKET,0.636363636363636
MiddlePhalanxOutlineCorrect,MultiROCKET,0.859106529209622
MiddlePhalanxTW,MultiROCKET,0.538961038961039
MixedShapesRegularTrain,MultiROCKET,0.979381443298969
MixedShapesSmallTrain,MultiROCKET,0.961649484536082
MoteStrain,MultiROCKET,0.941693290734824
NonInvasiveFetalECGThorax1,MultiROCKET,0.958778625954198
NonInvasiveFetalECGThorax2,MultiROCKET,0.968447837150127
OSULeaf,MultiROCKET,0.954545454545455
OliveOil,MultiROCKET,0.966666666666667
PhalangesOutlinesCorrect,MultiROCKET,0.834498834498834
Phoneme,MultiROCKET,0.347573839662447
PigAirwayPressure,MultiROCKET,0.596153846153846
PigArtPressure,MultiROCKET,0.951923076923077
PigCVP,MultiROCKET,0.870192307692308
Plane,MultiROCKET,1.0
PowerCons,MultiROCKET,0.994444444444444
ProximalPhalanxOutlineAgeGroup,MultiROCKET,0.853658536585366
ProximalPhalanxOutlineCorrect,MultiROCKET,0.917525773195876
ProximalPhalanxTW,MultiROCKET,0.819512195121951
RefrigerationDevices,MultiROCKET,0.528
Rock,MultiROCKET,0.86
ScreenType,MultiROCKET,0.56
SemgHandGenderCh2,MultiROCKET,0.951666666666667
SemgHandMovementCh2,MultiROCKET,0.768888888888889
SemgHandSubjectCh2,MultiROCKET,0.917777777777778
ShapeletSim,MultiROCKET,1.0
ShapesAll,MultiROCKET,0.921666666666667
SmallKitchenAppliances,MultiROCKET,0.821333333333333
SmoothSubspace,MultiROCKET,0.98
SonyAIBORobotSurface1,MultiROCKET,0.886855241264559
SonyAIBORobotSurface2,MultiROCKET,0.940188877229801
StarLightCurves,MultiROCKET,0.981665857212239
Strawberry,MultiROCKET,0.981081081081081
SwedishLeaf,MultiROCKET,0.9792
Symbols,MultiROCKET,0.982914572864322
SyntheticControl,MultiROCKET,0.993333333333333
ToeSegmentation1,MultiROCKET,0.956140350877193
ToeSegmentation2,MultiROCKET,0.907692307692308
Trace,MultiROCKET,1.0
TwoLeadECG,MultiROCKET,0.998244073748903
TwoPatterns,MultiROCKET,1.0
UMD,MultiROCKET,0.993055555555556
UWaveGestureLibraryAll,MultiROCKET,0.979899497487437
UWaveGestureLibraryX,MultiROCKET,0.869625907314349
UWaveGestureLibraryY,MultiROCKET,0.797319932998325
UWaveGestureLibraryZ,MultiROCKET,0.815466219988833
Wafer,MultiROCKET,0.999513303049968
Wine,MultiROCKET,0.888888888888889
WordSynonyms,MultiROCKET,0.775862068965517
Worms,MultiROCKET,0.753246753246753
WormsTwoClass,MultiROCKET,0.792207792207792
Yoga,MultiROCKET,0.919
